﻿X,Y,FID,Name,Type,Manager,Address,Phone
-64.829947438,46.1249494800001,1,Bioscript Pharmacy,Community Pharmacy,Andrea Walsh,585 Mapleton Road Suite 202,(506) 204-7581
-64.788494138,46.0885395920001,2,Cameron Street Clinic,Community Pharmacy,Kimberley Olscamp,107 Cameron Street P.O. Box 792,(506) 858-0287
-64.778399151,46.1293026440001,3,Costco Pharmacy,Community Pharmacy,Colin Enman,"140 Granite Drive, Moncton NB",Phone: (506) 317-0433
-64.780015619,46.088137155,4,CSC Atlantic Regional Pharmacy,Institutional Pharmacy,Charline Cormier,"859 Main Street, Moncton NB",(506) 851-6386
-64.7977718399999,46.0875022560001,5,Ford's Family Pharmacy & Wellness Centre,Community Pharmacy,Peter R. Ford,"544 St. George Blvd, Moncton NB",(506) 853-0830
-64.870987526,46.095930975,6,Healthconnect Pharmacy,Community Pharmacy,Suellen Dunn,"10 Desbrisay Avenue, Unit 2, Moncton NB",(506) 867-9854
-64.806226318,46.1059318970001,7,Innomar Pharmacy Inc.,Community Pharmacy,Crystal Parker,"100 Arden Street, Suite 309, Moncton NB",(506) 860-3428
-64.790318118,46.0892682260001,8,Jean Coutu Pharmacy,Community Pharmacy,Monte Steeves,"1789 Mountain Road North, Moncton NB",(506) 387-9001
-64.77059156,46.1226323650001,9,Lawton's Drugs,Community Pharmacy,Stephanie Estey,"565 Elmwood Drive, Moncton NB",(506) 386-3408
-64.806746248,46.099236369,10,Lawtons Drugs # 141,Community Pharmacy,Stephanie Estey,"800 Mountain Road Suite 101, Moncton NB",(506) 386-3408
-64.823053092,46.107445162,11,Lawtons Drugs # 147,Community Pharmacy,Rebecca Auffrey,"40 Mapleton Road, Moncton NB",(506) 857-9919
-64.83248129,46.118400867,12,Loblaw Pharmacy # 326,Community Pharmacy,James Swetnam,"89 Trinity Drive, Moncton NB",(506) 383-4955
-64.76857403,46.0938142730001,13,"
Loblaw Pharmacy",Community Pharmacy,,"165 Main Street, Moncton NB",(506) 852-2069
-64.829534052,46.1206634600001,14,Mapleton Pharmacy,Community Pharmacy,Bradley Steeves,"500 Mapleton Road Suite 120, Moncton NB",(506) 855-2210
-64.7267112169999,46.1359480770001,15,McKesson Specialty Prescription Services,Community Pharmacy,Kristian Jensen-Ouellette,"290 Frenette Ave, Moncton NB",(506) 777-1240
-64.796809578,46.0795185270001,16,Medicine Shoppe Pharmacy # 294,Community Pharmacy,Georgina Hubbard,"1685 Main Street, Moncton NB",(506) 854-2010
-64.7871711069999,46.098065686,17,Pharmacie - Hopital Dr. Georges-L. Dumont,Institutional Pharmacy,Melanie Cote,"330 Avenue Uiversite, Moncton NB",(506) 862-4200
-64.805648914,46.104804093,18,Pharmacy - The Moncton Hospital,Institutional Pharmacy,Natalie Branch,"135 Macbeath Avenue, Moncton NB",
-64.793389905,46.095921409,19,Phoenix Center ,Community Pharmacy,,"353 High Street, Moncton NB",(506) 854-4673
-64.788504405,46.0825695410001,20,Shoppers Drug Mart # 182,Community Pharmacy,Nicholas Steylen,"45 Vaughan Harvey Blvd. , Moncton NB",(506) 857-8702
-64.7867809539999,46.090073026,21,Shoppers Drug Mart # 588,Community Pharmacy,Trevor Bourque,"350 St. George Street , Moncton NB",(506) 857-6330
-64.8389352199999,46.1171891160001,22,Shoppers Drug Mart # 593,Community Pharmacy,Cynthia Jayne Gillam," 1633 Mountain Road, Moncton NB",(506) 858-0055
-64.811329047,46.10038224,23,Shoppers Drug Mart # 184,Community Pharmacy,Nicholas Steylen," 860 Mountain Road PO Box 25066, Moncton NB",(506) 857-9700
-64.774424312,46.113265203,24,Shoppers Drug Mart # 590 ,Community Pharmacy,Deirdre Kyle,"320 Elmwood Drive , Moncton NB",(506) 383-8303
-64.8029802839999,46.0998051500001,25,Shoppers Drug Mart # 2011,Community Pharmacy,Timothy Dunn,"681 Mountain Road , Moncton NB",(506) 382-8615
-64.768110362,46.1225677090001,26,Sobeys Elmwood #783,Community Pharmacy,Shannon MacKinnon,"77 Filles De Jesus Avenue , Moncton NB",(506) 855-6925
-64.832157684,46.1093161310001,27,,Community Pharmacy, Cory Morris," 1380 Mountain Road, Moncton NB",(506) 854-7727
-64.787771763,46.0844724890001,28,Sobeys Pharmacy ,Community Pharmacy,Kassandra Campbell,"55 Vaughan Harvey Boulevard, Moncton NB",(506) 855-0253
-64.786728959,46.090513064,29,Staples Drugs,Community Pharmacy,John Staples,"321 St George Street , Moncton NB",(506) 857-4150
-64.82463109,46.108809078,30,The Medicine Shoppe # 174 ,Community Pharmacy,Alida Rautenbach,"90 Mapleton Road , Moncton NB",(506) 869-5221
-64.821258052,46.082426866,31,The Medicine Shoppe # 219,Community Pharmacy,Natasha King,"960 St. George Blvd , Moncton NB",(506) 852-8082
-64.7621223589999,46.103011882,32,The Medicine Shoppe Pharmacy,Community Pharmacy,Tammy Davis-Gallant,"120 Shediac Road , Moncton NB",(506) 858-6161
-64.829112326,46.114053836,33,Wal-Mart Pharmacy,Community Pharmacy,Nicole Lidstone,"25 Plaza Boulevard, Moncton NB",(506) 853-7664
-64.742287065,46.091819743,34,Dieppe Guardian 556615,Community Pharmacy,Nicole Barkhouse,"185 Acadie Avenue, Dieppe NB",(506) 384-6343
-64.706459808,46.1035084060001,35,Express Scripts Canada Pharmacy,Community Pharmacy,Alan Strashok," 1040 Champlain Street, Dieppe NB",(888) 204-4876
-64.7326430379999,46.084822172,36,Familiprix Dieppe ,Community Pharmacy,Nicole Williams,"318 rue Amirault , Dieppe NB",506) 830-2555
-64.699804708,46.0975970060001,37,Jean Coutu #337,Community Pharmacy,Erin Kierstead,"600 Blvd Dieppe , Dieppe NB",(506) 854-7474
-64.7526822679999,46.094904936,38,Jean Coutu Pharmacy,Community Pharmacy,Dennis Abud,"123 Champlain Street , Dieppe NB",(506) 859-1990
-64.759524348,46.0963493690001,39,Shoppers Drug Mart # 181,Community Pharmacy,Keith Bernard,"477 Paul Street , Dieppe NB",(506) 857-0820
-64.7585808809999,46.0927663940001,40,Shoppers Drug Mart 2005,Community Pharmacy,Sylvie Després,"18 Champlain St , Dieppe NB",(506) 389-1680
-64.762982075,46.0953567120001,41,Sobeys Pharmacy #602 ,Community Pharmacy,Yackoub Khalil,"477 Paul Street, Dieppe NB",(506) 857-8019
-64.760862957,46.0972583160001,42,Wal-Mart Pharmacy,Community Pharmacy,Joshua Sharpe,"477 Paul Street, Dieppe NB",(506) 855-6011
-64.8017598339999,46.0638656830001,43,Ford's Pharmacy/Jean Coutu Pharmacy,Community Pharmacy,David Wadden,"438 Coverdale Road, Dieppe NB",(506) 853-0825
-64.801177378,46.065128169,44,Loblaw Pharmacy # 361,Community Pharmacy,Jenna MacLellan,"425 Coverdale Road, Dieppe NB",(506) 387-5085
-64.789980742,46.052068095,45,Riverview Guardian Pharmacy,Community Pharmacy,Jonathan Walsh,"645 Pinewood Road, Dieppe NB",(506) 386-2111
-64.806448581,46.0627288690001,46,Shoppers Drug Mart # 185,Community Pharmacy,Stephen Kelloway,"500 Coverdale Road, Dieppe NB",(506) 857-6380
-64.794562673,46.04932998,47,Sobeys Pharmacy # 736,Community Pharmacy,Candice Langille,"1160 Findlay Boulevard, Dieppe NB",
